main_mode,user
walk,0.311784283654122
ride,0.13134365697163847
bike,0.22739394272102442
car,0.30285702618187876
pt,0.24536946885052327
